[{"model": "contenttypes.contenttype", "pk": 1, "fields": {"app_label": "menu", "model": "bookmark"}}, {"model": "contenttypes.contenttype", "pk": 2, "fields": {"app_label": "dashboard", "model": "dashboardpreferences"}}, {"model": "contenttypes.contenttype", "pk": 3, "fields": {"app_label": "admin", "model": "logentry"}}, {"model": "contenttypes.contenttype", "pk": 4, "fields": {"app_label": "auth", "model": "permission"}}, {"model": "contenttypes.contenttype", "pk": 5, "fields": {"app_label": "auth", "model": "group"}}, {"model": "contenttypes.contenttype", "pk": 6, "fields": {"app_label": "contenttypes", "model": "contenttype"}}, {"model": "contenttypes.contenttype", "pk": 7, "fields": {"app_label": "sessions", "model": "session"}}, {"model": "contenttypes.contenttype", "pk": 8, "fields": {"app_label": "account", "model": "user"}}, {"model": "contenttypes.contenttype", "pk": 9, "fields": {"app_label": "account", "model": "regionaladmin"}}, {"model": "contenttypes.contenttype", "pk": 10, "fields": {"app_label": "account", "model": "respondent"}}, {"model": "contenttypes.contenttype", "pk": 11, "fields": {"app_label": "main", "model": "diklat"}}, {"model": "contenttypes.contenttype", "pk": 12, "fields": {"app_label": "main", "model": "measure"}}, {"model": "contenttypes.contenttype", "pk": 13, "fields": {"app_label": "main", "model": "option"}}, {"model": "contenttypes.contenttype", "pk": 14, "fields": {"app_label": "main", "model": "question"}}, {"model": "contenttypes.contenttype", "pk": 15, "fields": {"app_label": "main", "model": "questionnaire"}}, {"model": "contenttypes.contenttype", "pk": 16, "fields": {"app_label": "main", "model": "recommendation"}}, {"model": "contenttypes.contenttype", "pk": 17, "fields": {"app_label": "main", "model": "response"}}, {"model": "contenttypes.contenttype", "pk": 18, "fields": {"app_label": "main", "model": "topic"}}, {"model": "contenttypes.contenttype", "pk": 19, "fields": {"app_label": "region", "model": "province"}}, {"model": "contenttypes.contenttype", "pk": 20, "fields": {"app_label": "region", "model": "regency"}}, {"model": "contenttypes.contenttype", "pk": 21, "fields": {"app_label": "admin_tools_stats", "model": "dashboardstats"}}, {"model": "contenttypes.contenttype", "pk": 22, "fields": {"app_label": "admin_tools_stats", "model": "dashboardstatscriteria"}}, {"model": "sessions.session", "pk": "ult5egjpyxfi9lgjmdy1tqj2wtn285p0", "fields": {"session_data": "ZGJiNDIyNGIzN2YzOTNlMTc0NjE1MmUyMTllNTYzZDRmM2EyMGJhNTp7Il9hdXRoX3VzZXJfaWQiOiIxIiwiX2F1dGhfdXNlcl9iYWNrZW5kIjoiZGphbmdvLmNvbnRyaWIuYXV0aC5iYWNrZW5kcy5Nb2RlbEJhY2tlbmQiLCJfYXV0aF91c2VyX2hhc2giOiJlZDgwNDMwZWIzZGJjOWQwYjMwNDMwODI1N2Q3NzZkYWE1MGUzNzA5In0=", "expire_date": "2018-05-17T14:30:50.965Z"}}, {"model": "main.diklat", "pk": 1, "fields": {"title": "perlindungan anak bagi pengasuh lksa/panti swasta", "province": 4, "date": "2018-05-17T14:45:58Z", "location": "padang", "duration": 4, "supervisor": "supervisor diklat", "num_of_participant": 5, "regencies": [153]}}, {"model": "main.questionnaire", "pk": 1, "fields": {"diklat": 1, "title": "instrument A monitoring dan evaluasi manfaat pendidikan dan pelatihan perlindungan anak bagi pengasuh lksa/panti swasta", "instrument": "0"}}, {"model": "main.topic", "pk": 3, "fields": {"questionnaire": 1, "parent": null, "title": "manjemen  penyelenggaraan diklat"}}, {"model": "main.topic", "pk": 4, "fields": {"questionnaire": 1, "parent": 3, "title": "waktu penyelenggaraan"}}, {"model": "main.question", "pk": 2, "fields": {"topic": 4, "type": "2", "text": "bagaimana penilaian bapak/ibu terkait durasi (lama waktu) pelaksanaan sesi kegiatan dalam Diklat Perlindungan Anak bagi LKSA/Panti Swasta yang telah Bapak/Ibu ikuti ?"}}, {"model": "main.option", "pk": 5, "fields": {"question": 2, "name": "Terlalu Lama", "order": 0}}, {"model": "main.option", "pk": 6, "fields": {"question": 2, "name": "Sedang", "order": 1}}, {"model": "main.option", "pk": 7, "fields": {"question": 2, "name": "Cukup", "order": 2}}, {"model": "main.option", "pk": 8, "fields": {"question": 2, "name": "Kurang", "order": 3}}, {"model": "main.measure", "pk": 3, "fields": {"question": 2, "name": "Lamanya waktu diklat"}}, {"model": "main.measure", "pk": 4, "fields": {"question": 2, "name": "Lamanya waktu diskusi"}}, {"model": "main.response", "pk": 1, "fields": {"respondent": 1, "question": 2, "text": "", "measure": 3, "selected": 6}}, {"model": "main.response", "pk": 2, "fields": {"respondent": 1, "question": 2, "text": "", "measure": 4, "selected": 7}}, {"model": "main.recommendation", "pk": 1, "fields": {"respondent": 1, "question": 2, "text": "kalau bisa waktu tetap karena kami butuh banyak ilmu"}}, {"model": "region.province", "pk": 1, "fields": {"name": "ACEH"}}, {"model": "region.province", "pk": 2, "fields": {"name": "SUMATERA UTARA"}}, {"model": "region.province", "pk": 3, "fields": {"name": "SUMATERA BARAT"}}, {"model": "region.province", "pk": 4, "fields": {"name": "RIAU"}}, {"model": "region.province", "pk": 5, "fields": {"name": "JAMBI"}}, {"model": "region.province", "pk": 6, "fields": {"name": "SUMATERA SELATAN"}}, {"model": "region.province", "pk": 7, "fields": {"name": "BENGKULU"}}, {"model": "region.province", "pk": 8, "fields": {"name": "LAMPUNG"}}, {"model": "region.province", "pk": 9, "fields": {"name": "KEPULAUAN BANGKA BELITUNG"}}, {"model": "region.province", "pk": 10, "fields": {"name": "KEPULAUAN RIAU"}}, {"model": "region.regency", "pk": 1, "fields": {"province": 1, "name": "KABUPATEN SIMEULUE"}}, {"model": "region.regency", "pk": 2, "fields": {"province": 1, "name": "KABUPATEN ACEH SINGKIL"}}, {"model": "region.regency", "pk": 3, "fields": {"province": 1, "name": "KABUPATEN ACEH SELATAN"}}, {"model": "region.regency", "pk": 4, "fields": {"province": 1, "name": "KABUPATEN ACEH TENGGARA"}}, {"model": "region.regency", "pk": 5, "fields": {"province": 1, "name": "KABUPATEN ACEH TIMUR"}}, {"model": "region.regency", "pk": 6, "fields": {"province": 1, "name": "KABUPATEN ACEH TENGAH"}}, {"model": "region.regency", "pk": 7, "fields": {"province": 1, "name": "KABUPATEN ACEH BARAT"}}, {"model": "region.regency", "pk": 8, "fields": {"province": 1, "name": "KABUPATEN ACEH BESAR"}}, {"model": "region.regency", "pk": 9, "fields": {"province": 1, "name": "KABUPATEN PIDIE"}}, {"model": "region.regency", "pk": 10, "fields": {"province": 1, "name": "KABUPATEN BIREUEN"}}, {"model": "region.regency", "pk": 11, "fields": {"province": 1, "name": "KABUPATEN ACEH UTARA"}}, {"model": "region.regency", "pk": 12, "fields": {"province": 1, "name": "KABUPATEN ACEH BARAT DAYA"}}, {"model": "region.regency", "pk": 13, "fields": {"province": 1, "name": "KABUPATEN GAYO LUES"}}, {"model": "region.regency", "pk": 14, "fields": {"province": 1, "name": "KABUPATEN ACEH TAMIANG"}}, {"model": "region.regency", "pk": 15, "fields": {"province": 1, "name": "KABUPATEN NAGAN RAYA"}}, {"model": "region.regency", "pk": 16, "fields": {"province": 1, "name": "KABUPATEN ACEH JAYA"}}, {"model": "region.regency", "pk": 17, "fields": {"province": 1, "name": "KABUPATEN BENER MERIAH"}}, {"model": "region.regency", "pk": 18, "fields": {"province": 1, "name": "KABUPATEN PIDIE JAYA"}}, {"model": "region.regency", "pk": 19, "fields": {"province": 1, "name": "KOTA BANDA ACEH"}}, {"model": "region.regency", "pk": 20, "fields": {"province": 1, "name": "KOTA SABANG"}}, {"model": "region.regency", "pk": 21, "fields": {"province": 1, "name": "KOTA LANGSA"}}, {"model": "region.regency", "pk": 22, "fields": {"province": 1, "name": "KOTA LHOKSEUMAWE"}}, {"model": "region.regency", "pk": 23, "fields": {"province": 1, "name": "KOTA SUBULUSSALAM"}}, {"model": "region.regency", "pk": 24, "fields": {"province": 2, "name": "KABUPATEN NIAS"}}, {"model": "region.regency", "pk": 25, "fields": {"province": 2, "name": "KABUPATEN MANDAILING NATAL"}}, {"model": "region.regency", "pk": 26, "fields": {"province": 2, "name": "KABUPATEN TAPANULI SELATAN"}}, {"model": "region.regency", "pk": 27, "fields": {"province": 2, "name": "KABUPATEN TAPANULI TENGAH"}}, {"model": "region.regency", "pk": 28, "fields": {"province": 2, "name": "KABUPATEN TAPANULI UTARA"}}, {"model": "region.regency", "pk": 29, "fields": {"province": 2, "name": "KABUPATEN TOBA SAMOSIR"}}, {"model": "region.regency", "pk": 30, "fields": {"province": 2, "name": "KABUPATEN LABUHAN BATU"}}, {"model": "region.regency", "pk": 31, "fields": {"province": 2, "name": "KABUPATEN ASAHAN"}}, {"model": "region.regency", "pk": 32, "fields": {"province": 2, "name": "KABUPATEN SIMALUNGUN"}}, {"model": "region.regency", "pk": 33, "fields": {"province": 2, "name": "KABUPATEN DAIRI"}}, {"model": "region.regency", "pk": 34, "fields": {"province": 2, "name": "KABUPATEN KARO"}}, {"model": "region.regency", "pk": 35, "fields": {"province": 2, "name": "KABUPATEN DELI SERDANG"}}, {"model": "region.regency", "pk": 36, "fields": {"province": 2, "name": "KABUPATEN LANGKAT"}}, {"model": "region.regency", "pk": 37, "fields": {"province": 2, "name": "KABUPATEN NIAS SELATAN"}}, {"model": "region.regency", "pk": 38, "fields": {"province": 2, "name": "KABUPATEN HUMBANG HASUNDUTAN"}}, {"model": "region.regency", "pk": 39, "fields": {"province": 2, "name": "KABUPATEN PAKPAK BHARAT"}}, {"model": "region.regency", "pk": 40, "fields": {"province": 2, "name": "KABUPATEN SAMOSIR"}}, {"model": "region.regency", "pk": 41, "fields": {"province": 2, "name": "KABUPATEN SERDANG BEDAGAI"}}, {"model": "region.regency", "pk": 42, "fields": {"province": 2, "name": "KABUPATEN BATU BARA"}}, {"model": "region.regency", "pk": 43, "fields": {"province": 2, "name": "KABUPATEN PADANG LAWAS UTARA"}}, {"model": "region.regency", "pk": 44, "fields": {"province": 2, "name": "KABUPATEN PADANG LAWAS"}}, {"model": "region.regency", "pk": 45, "fields": {"province": 2, "name": "KABUPATEN LABUHAN BATU SELATAN"}}, {"model": "region.regency", "pk": 46, "fields": {"province": 2, "name": "KABUPATEN LABUHAN BATU UTARA"}}, {"model": "region.regency", "pk": 47, "fields": {"province": 2, "name": "KABUPATEN NIAS UTARA"}}, {"model": "region.regency", "pk": 48, "fields": {"province": 2, "name": "KABUPATEN NIAS BARAT"}}, {"model": "region.regency", "pk": 49, "fields": {"province": 2, "name": "KOTA SIBOLGA"}}, {"model": "region.regency", "pk": 50, "fields": {"province": 2, "name": "KOTA TANJUNG BALAI"}}, {"model": "region.regency", "pk": 51, "fields": {"province": 2, "name": "KOTA PEMATANG SIANTAR"}}, {"model": "region.regency", "pk": 52, "fields": {"province": 2, "name": "KOTA TEBING TINGGI"}}, {"model": "region.regency", "pk": 53, "fields": {"province": 2, "name": "KOTA MEDAN"}}, {"model": "region.regency", "pk": 54, "fields": {"province": 2, "name": "KOTA BINJAI"}}, {"model": "region.regency", "pk": 55, "fields": {"province": 2, "name": "KOTA PADANGSIDIMPUAN"}}, {"model": "region.regency", "pk": 56, "fields": {"province": 2, "name": "KOTA GUNUNGSITOLI"}}, {"model": "region.regency", "pk": 57, "fields": {"province": 3, "name": "KABUPATEN KEPULAUAN MENTAWAI"}}, {"model": "region.regency", "pk": 58, "fields": {"province": 3, "name": "KABUPATEN PESISIR SELATAN"}}, {"model": "region.regency", "pk": 59, "fields": {"province": 3, "name": "KABUPATEN SOLOK"}}, {"model": "region.regency", "pk": 60, "fields": {"province": 3, "name": "KABUPATEN SIJUNJUNG"}}, {"model": "region.regency", "pk": 61, "fields": {"province": 3, "name": "KABUPATEN TANAH DATAR"}}, {"model": "region.regency", "pk": 62, "fields": {"province": 3, "name": "KABUPATEN PADANG PARIAMAN"}}, {"model": "region.regency", "pk": 63, "fields": {"province": 3, "name": "KABUPATEN AGAM"}}, {"model": "region.regency", "pk": 64, "fields": {"province": 3, "name": "KABUPATEN LIMA PULUH KOTA"}}, {"model": "region.regency", "pk": 65, "fields": {"province": 3, "name": "KABUPATEN PASAMAN"}}, {"model": "region.regency", "pk": 66, "fields": {"province": 3, "name": "KABUPATEN SOLOK SELATAN"}}, {"model": "region.regency", "pk": 67, "fields": {"province": 3, "name": "KABUPATEN DHARMASRAYA"}}, {"model": "region.regency", "pk": 68, "fields": {"province": 3, "name": "KABUPATEN PASAMAN BARAT"}}, {"model": "region.regency", "pk": 69, "fields": {"province": 3, "name": "KOTA PADANG"}}, {"model": "region.regency", "pk": 70, "fields": {"province": 3, "name": "KOTA SOLOK"}}, {"model": "region.regency", "pk": 71, "fields": {"province": 3, "name": "KOTA SAWAH LUNTO"}}, {"model": "region.regency", "pk": 72, "fields": {"province": 3, "name": "KOTA PADANG PANJANG"}}, {"model": "region.regency", "pk": 73, "fields": {"province": 3, "name": "KOTA BUKITTINGGI"}}, {"model": "region.regency", "pk": 74, "fields": {"province": 3, "name": "KOTA PAYAKUMBUH"}}, {"model": "region.regency", "pk": 75, "fields": {"province": 3, "name": "KOTA PARIAMAN"}}, {"model": "region.regency", "pk": 76, "fields": {"province": 4, "name": "KABUPATEN KUANTAN SINGINGI"}}, {"model": "region.regency", "pk": 77, "fields": {"province": 4, "name": "KABUPATEN INDRAGIRI HULU"}}, {"model": "region.regency", "pk": 78, "fields": {"province": 4, "name": "KABUPATEN INDRAGIRI HILIR"}}, {"model": "region.regency", "pk": 79, "fields": {"province": 4, "name": "KABUPATEN PELALAWAN"}}, {"model": "region.regency", "pk": 80, "fields": {"province": 4, "name": "KABUPATEN SIAK"}}, {"model": "region.regency", "pk": 81, "fields": {"province": 4, "name": "KABUPATEN KAMPAR"}}, {"model": "region.regency", "pk": 82, "fields": {"province": 4, "name": "KABUPATEN ROKAN HULU"}}, {"model": "region.regency", "pk": 83, "fields": {"province": 4, "name": "KABUPATEN BENGKALIS"}}, {"model": "region.regency", "pk": 84, "fields": {"province": 4, "name": "KABUPATEN ROKAN HILIR"}}, {"model": "region.regency", "pk": 85, "fields": {"province": 4, "name": "KABUPATEN KEPULAUAN MERANTI"}}, {"model": "region.regency", "pk": 86, "fields": {"province": 4, "name": "KOTA PEKANBARU"}}, {"model": "region.regency", "pk": 87, "fields": {"province": 4, "name": "KOTA DUMAI"}}, {"model": "region.regency", "pk": 88, "fields": {"province": 5, "name": "KABUPATEN KERINCI"}}, {"model": "region.regency", "pk": 89, "fields": {"province": 5, "name": "KABUPATEN MERANGIN"}}, {"model": "region.regency", "pk": 90, "fields": {"province": 5, "name": "KABUPATEN SAROLANGUN"}}, {"model": "region.regency", "pk": 91, "fields": {"province": 5, "name": "KABUPATEN BATANG HARI"}}, {"model": "region.regency", "pk": 92, "fields": {"province": 5, "name": "KABUPATEN MUARO JAMBI"}}, {"model": "region.regency", "pk": 93, "fields": {"province": 5, "name": "KABUPATEN TANJUNG JABUNG TIMUR"}}, {"model": "region.regency", "pk": 94, "fields": {"province": 5, "name": "KABUPATEN TANJUNG JABUNG BARAT"}}, {"model": "region.regency", "pk": 95, "fields": {"province": 5, "name": "KABUPATEN TEBO"}}, {"model": "region.regency", "pk": 96, "fields": {"province": 5, "name": "KABUPATEN BUNGO"}}, {"model": "region.regency", "pk": 97, "fields": {"province": 5, "name": "KOTA JAMBI"}}, {"model": "region.regency", "pk": 98, "fields": {"province": 5, "name": "KOTA SUNGAI PENUH"}}, {"model": "region.regency", "pk": 99, "fields": {"province": 6, "name": "KABUPATEN OGAN KOMERING ULU"}}, {"model": "region.regency", "pk": 100, "fields": {"province": 6, "name": "KABUPATEN OGAN KOMERING ILIR"}}, {"model": "region.regency", "pk": 101, "fields": {"province": 6, "name": "KABUPATEN MUARA ENIM"}}, {"model": "region.regency", "pk": 102, "fields": {"province": 6, "name": "KABUPATEN LAHAT"}}, {"model": "region.regency", "pk": 103, "fields": {"province": 6, "name": "KABUPATEN MUSI RAWAS"}}, {"model": "region.regency", "pk": 104, "fields": {"province": 6, "name": "KABUPATEN MUSI BANYUASIN"}}, {"model": "region.regency", "pk": 105, "fields": {"province": 6, "name": "KABUPATEN BANYU ASIN"}}, {"model": "region.regency", "pk": 106, "fields": {"province": 6, "name": "KABUPATEN OGAN KOMERING ULU SELATAN"}}, {"model": "region.regency", "pk": 107, "fields": {"province": 6, "name": "KABUPATEN OGAN KOMERING ULU TIMUR"}}, {"model": "region.regency", "pk": 108, "fields": {"province": 6, "name": "KABUPATEN OGAN ILIR"}}, {"model": "region.regency", "pk": 109, "fields": {"province": 6, "name": "KABUPATEN EMPAT LAWANG"}}, {"model": "region.regency", "pk": 110, "fields": {"province": 6, "name": "KABUPATEN PENUKAL ABAB LEMATANG ILIR"}}, {"model": "region.regency", "pk": 111, "fields": {"province": 6, "name": "KABUPATEN MUSI RAWAS UTARA"}}, {"model": "region.regency", "pk": 112, "fields": {"province": 6, "name": "KOTA PALEMBANG"}}, {"model": "region.regency", "pk": 113, "fields": {"province": 6, "name": "KOTA PRABUMULIH"}}, {"model": "region.regency", "pk": 114, "fields": {"province": 6, "name": "KOTA PAGAR ALAM"}}, {"model": "region.regency", "pk": 115, "fields": {"province": 6, "name": "KOTA LUBUKLINGGAU"}}, {"model": "region.regency", "pk": 116, "fields": {"province": 7, "name": "KABUPATEN BENGKULU SELATAN"}}, {"model": "region.regency", "pk": 117, "fields": {"province": 7, "name": "KABUPATEN REJANG LEBONG"}}, {"model": "region.regency", "pk": 118, "fields": {"province": 7, "name": "KABUPATEN BENGKULU UTARA"}}, {"model": "region.regency", "pk": 119, "fields": {"province": 7, "name": "KABUPATEN KAUR"}}, {"model": "region.regency", "pk": 120, "fields": {"province": 7, "name": "KABUPATEN SELUMA"}}, {"model": "region.regency", "pk": 121, "fields": {"province": 7, "name": "KABUPATEN MUKOMUKO"}}, {"model": "region.regency", "pk": 122, "fields": {"province": 7, "name": "KABUPATEN LEBONG"}}, {"model": "region.regency", "pk": 123, "fields": {"province": 7, "name": "KABUPATEN KEPAHIANG"}}, {"model": "region.regency", "pk": 124, "fields": {"province": 7, "name": "KABUPATEN BENGKULU TENGAH"}}, {"model": "region.regency", "pk": 125, "fields": {"province": 7, "name": "KOTA BENGKULU"}}, {"model": "region.regency", "pk": 126, "fields": {"province": 8, "name": "KABUPATEN LAMPUNG BARAT"}}, {"model": "region.regency", "pk": 127, "fields": {"province": 8, "name": "KABUPATEN TANGGAMUS"}}, {"model": "region.regency", "pk": 128, "fields": {"province": 8, "name": "KABUPATEN LAMPUNG SELATAN"}}, {"model": "region.regency", "pk": 129, "fields": {"province": 8, "name": "KABUPATEN LAMPUNG TIMUR"}}, {"model": "region.regency", "pk": 130, "fields": {"province": 8, "name": "KABUPATEN LAMPUNG TENGAH"}}, {"model": "region.regency", "pk": 131, "fields": {"province": 8, "name": "KABUPATEN LAMPUNG UTARA"}}, {"model": "region.regency", "pk": 132, "fields": {"province": 8, "name": "KABUPATEN WAY KANAN"}}, {"model": "region.regency", "pk": 133, "fields": {"province": 8, "name": "KABUPATEN TULANGBAWANG"}}, {"model": "region.regency", "pk": 134, "fields": {"province": 8, "name": "KABUPATEN PESAWARAN"}}, {"model": "region.regency", "pk": 135, "fields": {"province": 8, "name": "KABUPATEN PRINGSEWU"}}, {"model": "region.regency", "pk": 136, "fields": {"province": 8, "name": "KABUPATEN MESUJI"}}, {"model": "region.regency", "pk": 137, "fields": {"province": 8, "name": "KABUPATEN TULANG BAWANG BARAT"}}, {"model": "region.regency", "pk": 138, "fields": {"province": 8, "name": "KABUPATEN PESISIR BARAT"}}, {"model": "region.regency", "pk": 139, "fields": {"province": 8, "name": "KOTA BANDAR LAMPUNG"}}, {"model": "region.regency", "pk": 140, "fields": {"province": 8, "name": "KOTA METRO"}}, {"model": "region.regency", "pk": 141, "fields": {"province": 9, "name": "KABUPATEN BANGKA"}}, {"model": "region.regency", "pk": 142, "fields": {"province": 9, "name": "KABUPATEN BELITUNG"}}, {"model": "region.regency", "pk": 143, "fields": {"province": 9, "name": "KABUPATEN BANGKA BARAT"}}, {"model": "region.regency", "pk": 144, "fields": {"province": 9, "name": "KABUPATEN BANGKA TENGAH"}}, {"model": "region.regency", "pk": 145, "fields": {"province": 9, "name": "KABUPATEN BANGKA SELATAN"}}, {"model": "region.regency", "pk": 146, "fields": {"province": 9, "name": "KABUPATEN BELITUNG TIMUR"}}, {"model": "region.regency", "pk": 147, "fields": {"province": 9, "name": "KOTA PANGKAL PINANG"}}, {"model": "region.regency", "pk": 148, "fields": {"province": 10, "name": "KABUPATEN KARIMUN"}}, {"model": "region.regency", "pk": 149, "fields": {"province": 10, "name": "KABUPATEN BINTAN"}}, {"model": "region.regency", "pk": 150, "fields": {"province": 10, "name": "KABUPATEN NATUNA"}}, {"model": "region.regency", "pk": 151, "fields": {"province": 10, "name": "KABUPATEN LINGGA"}}, {"model": "region.regency", "pk": 152, "fields": {"province": 10, "name": "KABUPATEN KEPULAUAN ANAMBAS"}}, {"model": "region.regency", "pk": 153, "fields": {"province": 10, "name": "KOTA BATAM"}}, {"model": "region.regency", "pk": 154, "fields": {"province": 10, "name": "KOTA TANJUNG PINANG"}}, {"model": "auth.permission", "pk": 1, "fields": {"name": "Can add bookmark", "content_type": 1, "codename": "add_bookmark"}}, {"model": "auth.permission", "pk": 2, "fields": {"name": "Can change bookmark", "content_type": 1, "codename": "change_bookmark"}}, {"model": "auth.permission", "pk": 3, "fields": {"name": "Can delete bookmark", "content_type": 1, "codename": "delete_bookmark"}}, {"model": "auth.permission", "pk": 4, "fields": {"name": "Can add dashboard preferences", "content_type": 2, "codename": "add_dashboardpreferences"}}, {"model": "auth.permission", "pk": 5, "fields": {"name": "Can change dashboard preferences", "content_type": 2, "codename": "change_dashboardpreferences"}}, {"model": "auth.permission", "pk": 6, "fields": {"name": "Can delete dashboard preferences", "content_type": 2, "codename": "delete_dashboardpreferences"}}, {"model": "auth.permission", "pk": 7, "fields": {"name": "Can add log entry", "content_type": 3, "codename": "add_logentry"}}, {"model": "auth.permission", "pk": 8, "fields": {"name": "Can change log entry", "content_type": 3, "codename": "change_logentry"}}, {"model": "auth.permission", "pk": 9, "fields": {"name": "Can delete log entry", "content_type": 3, "codename": "delete_logentry"}}, {"model": "auth.permission", "pk": 10, "fields": {"name": "Can add permission", "content_type": 4, "codename": "add_permission"}}, {"model": "auth.permission", "pk": 11, "fields": {"name": "Can change permission", "content_type": 4, "codename": "change_permission"}}, {"model": "auth.permission", "pk": 12, "fields": {"name": "Can delete permission", "content_type": 4, "codename": "delete_permission"}}, {"model": "auth.permission", "pk": 13, "fields": {"name": "Can add group", "content_type": 5, "codename": "add_group"}}, {"model": "auth.permission", "pk": 14, "fields": {"name": "Can change group", "content_type": 5, "codename": "change_group"}}, {"model": "auth.permission", "pk": 15, "fields": {"name": "Can delete group", "content_type": 5, "codename": "delete_group"}}, {"model": "auth.permission", "pk": 16, "fields": {"name": "Can add content type", "content_type": 6, "codename": "add_contenttype"}}, {"model": "auth.permission", "pk": 17, "fields": {"name": "Can change content type", "content_type": 6, "codename": "change_contenttype"}}, {"model": "auth.permission", "pk": 18, "fields": {"name": "Can delete content type", "content_type": 6, "codename": "delete_contenttype"}}, {"model": "auth.permission", "pk": 19, "fields": {"name": "Can add session", "content_type": 7, "codename": "add_session"}}, {"model": "auth.permission", "pk": 20, "fields": {"name": "Can change session", "content_type": 7, "codename": "change_session"}}, {"model": "auth.permission", "pk": 21, "fields": {"name": "Can delete session", "content_type": 7, "codename": "delete_session"}}, {"model": "auth.permission", "pk": 22, "fields": {"name": "Can add user", "content_type": 8, "codename": "add_user"}}, {"model": "auth.permission", "pk": 23, "fields": {"name": "Can change user", "content_type": 8, "codename": "change_user"}}, {"model": "auth.permission", "pk": 24, "fields": {"name": "Can delete user", "content_type": 8, "codename": "delete_user"}}, {"model": "auth.permission", "pk": 25, "fields": {"name": "Can add regional admin", "content_type": 9, "codename": "add_regionaladmin"}}, {"model": "auth.permission", "pk": 26, "fields": {"name": "Can change regional admin", "content_type": 9, "codename": "change_regionaladmin"}}, {"model": "auth.permission", "pk": 27, "fields": {"name": "Can delete regional admin", "content_type": 9, "codename": "delete_regionaladmin"}}, {"model": "auth.permission", "pk": 28, "fields": {"name": "Can add respondent", "content_type": 10, "codename": "add_respondent"}}, {"model": "auth.permission", "pk": 29, "fields": {"name": "Can change respondent", "content_type": 10, "codename": "change_respondent"}}, {"model": "auth.permission", "pk": 30, "fields": {"name": "Can delete respondent", "content_type": 10, "codename": "delete_respondent"}}, {"model": "auth.permission", "pk": 31, "fields": {"name": "Can add diklat", "content_type": 11, "codename": "add_diklat"}}, {"model": "auth.permission", "pk": 32, "fields": {"name": "Can change diklat", "content_type": 11, "codename": "change_diklat"}}, {"model": "auth.permission", "pk": 33, "fields": {"name": "Can delete diklat", "content_type": 11, "codename": "delete_diklat"}}, {"model": "auth.permission", "pk": 34, "fields": {"name": "Can add measure", "content_type": 12, "codename": "add_measure"}}, {"model": "auth.permission", "pk": 35, "fields": {"name": "Can change measure", "content_type": 12, "codename": "change_measure"}}, {"model": "auth.permission", "pk": 36, "fields": {"name": "Can delete measure", "content_type": 12, "codename": "delete_measure"}}, {"model": "auth.permission", "pk": 37, "fields": {"name": "Can add option", "content_type": 13, "codename": "add_option"}}, {"model": "auth.permission", "pk": 38, "fields": {"name": "Can change option", "content_type": 13, "codename": "change_option"}}, {"model": "auth.permission", "pk": 39, "fields": {"name": "Can delete option", "content_type": 13, "codename": "delete_option"}}, {"model": "auth.permission", "pk": 40, "fields": {"name": "Can add question", "content_type": 14, "codename": "add_question"}}, {"model": "auth.permission", "pk": 41, "fields": {"name": "Can change question", "content_type": 14, "codename": "change_question"}}, {"model": "auth.permission", "pk": 42, "fields": {"name": "Can delete question", "content_type": 14, "codename": "delete_question"}}, {"model": "auth.permission", "pk": 43, "fields": {"name": "Can add questionnaire", "content_type": 15, "codename": "add_questionnaire"}}, {"model": "auth.permission", "pk": 44, "fields": {"name": "Can change questionnaire", "content_type": 15, "codename": "change_questionnaire"}}, {"model": "auth.permission", "pk": 45, "fields": {"name": "Can delete questionnaire", "content_type": 15, "codename": "delete_questionnaire"}}, {"model": "auth.permission", "pk": 46, "fields": {"name": "Can add recommendation", "content_type": 16, "codename": "add_recommendation"}}, {"model": "auth.permission", "pk": 47, "fields": {"name": "Can change recommendation", "content_type": 16, "codename": "change_recommendation"}}, {"model": "auth.permission", "pk": 48, "fields": {"name": "Can delete recommendation", "content_type": 16, "codename": "delete_recommendation"}}, {"model": "auth.permission", "pk": 49, "fields": {"name": "Can add response", "content_type": 17, "codename": "add_response"}}, {"model": "auth.permission", "pk": 50, "fields": {"name": "Can change response", "content_type": 17, "codename": "change_response"}}, {"model": "auth.permission", "pk": 51, "fields": {"name": "Can delete response", "content_type": 17, "codename": "delete_response"}}, {"model": "auth.permission", "pk": 52, "fields": {"name": "Can add topic", "content_type": 18, "codename": "add_topic"}}, {"model": "auth.permission", "pk": 53, "fields": {"name": "Can change topic", "content_type": 18, "codename": "change_topic"}}, {"model": "auth.permission", "pk": 54, "fields": {"name": "Can delete topic", "content_type": 18, "codename": "delete_topic"}}, {"model": "auth.permission", "pk": 55, "fields": {"name": "Can add province", "content_type": 19, "codename": "add_province"}}, {"model": "auth.permission", "pk": 56, "fields": {"name": "Can change province", "content_type": 19, "codename": "change_province"}}, {"model": "auth.permission", "pk": 57, "fields": {"name": "Can delete province", "content_type": 19, "codename": "delete_province"}}, {"model": "auth.permission", "pk": 58, "fields": {"name": "Can add regency", "content_type": 20, "codename": "add_regency"}}, {"model": "auth.permission", "pk": 59, "fields": {"name": "Can change regency", "content_type": 20, "codename": "change_regency"}}, {"model": "auth.permission", "pk": 60, "fields": {"name": "Can delete regency", "content_type": 20, "codename": "delete_regency"}}, {"model": "auth.permission", "pk": 61, "fields": {"name": "Can add dashboard stats", "content_type": 21, "codename": "add_dashboardstats"}}, {"model": "auth.permission", "pk": 62, "fields": {"name": "Can change dashboard stats", "content_type": 21, "codename": "change_dashboardstats"}}, {"model": "auth.permission", "pk": 63, "fields": {"name": "Can delete dashboard stats", "content_type": 21, "codename": "delete_dashboardstats"}}, {"model": "auth.permission", "pk": 64, "fields": {"name": "Can add dashboard stats criteria", "content_type": 22, "codename": "add_dashboardstatscriteria"}}, {"model": "auth.permission", "pk": 65, "fields": {"name": "Can change dashboard stats criteria", "content_type": 22, "codename": "change_dashboardstatscriteria"}}, {"model": "auth.permission", "pk": 66, "fields": {"name": "Can delete dashboard stats criteria", "content_type": 22, "codename": "delete_dashboardstatscriteria"}}, {"model": "account.user", "pk": 1, "fields": {"password": "pbkdf2_sha256$100000$q3otEariyntz$Un0iZKB/7EWAEz1rzhrz9/yFIlzhd6c9sNCSA7jXS9E=", "last_login": "2018-05-03T14:30:50.653Z", "is_superuser": true, "username": "admin", "first_name": "", "last_name": "", "email": "", "is_staff": true, "is_active": true, "date_joined": "2018-05-03T05:43:43.017Z", "groups": [], "user_permissions": []}}, {"model": "account.user", "pk": 2, "fields": {"password": "pbkdf2_sha256$100000$ZXCSOxfzI8pn$+Q/rVCkTNhyrTDsyalikEtqjRwz10F7z2HYuQgI0jCo=", "last_login": null, "is_superuser": false, "username": "user1", "first_name": "user1", "last_name": "user1", "email": "", "is_staff": true, "is_active": true, "date_joined": "2018-05-03T14:31:51.459Z", "groups": [], "user_permissions": []}}, {"model": "account.user", "pk": 3, "fields": {"password": "pbkdf2_sha256$100000$8ZBo4sRzt3Df$ca3V/me3yXsPy+ZuMbRxK3cPZwwFc/XLTV2M6so+FZg=", "last_login": null, "is_superuser": false, "username": "user2", "first_name": "user2", "last_name": "user2", "email": "", "is_staff": false, "is_active": true, "date_joined": "2018-05-03T14:44:15.104Z", "groups": [], "user_permissions": []}}, {"model": "account.regionaladmin", "pk": 1, "fields": {"user": 2, "region": 3}}, {"model": "account.respondent", "pk": 1, "fields": {"user": 3}}, {"model": "admin.logentry", "pk": 1, "fields": {"action_time": "2018-05-03T14:31:51.632Z", "user": 1, "content_type": 9, "object_id": "1", "object_repr": "user1", "action_flag": 1, "change_message": "[{\"added\": {}}]"}}, {"model": "admin.logentry", "pk": 2, "fields": {"action_time": "2018-05-03T14:44:15.279Z", "user": 1, "content_type": 10, "object_id": "1", "object_repr": "user2", "action_flag": 1, "change_message": "[{\"added\": {}}]"}}, {"model": "admin.logentry", "pk": 3, "fields": {"action_time": "2018-05-03T14:44:29.141Z", "user": 1, "content_type": 10, "object_id": "1", "object_repr": "user2", "action_flag": 2, "change_message": "[{\"changed\": {\"fields\": [\"last_name\"]}}]"}}, {"model": "admin.logentry", "pk": 4, "fields": {"action_time": "2018-05-03T14:46:23.353Z", "user": 1, "content_type": 11, "object_id": "1", "object_repr": "Title Diklat", "action_flag": 1, "change_message": "[{\"added\": {}}]"}}, {"model": "admin.logentry", "pk": 5, "fields": {"action_time": "2018-05-03T15:19:31.014Z", "user": 1, "content_type": 11, "object_id": "1", "object_repr": "Lorem Ipsum Dolor Sit Amet, Consectetuer Adipiscing Elit. Aenean Commodo Ligula Eget Dolor. Aenean Massa. Cum Sociis Natoque Penatibus Et Magnis Dis Parturient Montes, Nascetur Ridiculus Mus. Donec Qu", "action_flag": 2, "change_message": "[{\"changed\": {\"fields\": [\"title\", \"regencies\", \"num_of_participant\"]}}]"}}, {"model": "admin.logentry", "pk": 6, "fields": {"action_time": "2018-05-03T15:19:52.253Z", "user": 1, "content_type": 11, "object_id": "1", "object_repr": "Lorem Ipsum Dolor Sit Amet, Consectetuer Adipiscing Elit. Aenean Commodo Ligula Eget Dolor. Aenean Massa. Cum Sociis Natoque Penatibus Et Magnis Dis Parturient Montes, Nascetur Ridiculus Mus. Donec Qu", "action_flag": 2, "change_message": "[]"}}, {"model": "admin.logentry", "pk": 7, "fields": {"action_time": "2018-05-03T15:20:00.166Z", "user": 1, "content_type": 11, "object_id": "1", "object_repr": "Title Diklat", "action_flag": 2, "change_message": "[{\"changed\": {\"fields\": [\"title\"]}}]"}}, {"model": "admin.logentry", "pk": 8, "fields": {"action_time": "2018-05-03T15:39:24.397Z", "user": 1, "content_type": 15, "object_id": "1", "object_repr": "Questionnaire Instrument A from diklat Title Diklat", "action_flag": 1, "change_message": "[{\"added\": {}}, {\"added\": {\"name\": \"topic\", \"object\": \"Manajemen Penyelenggaraan Diklat\"}}]"}}, {"model": "admin.logentry", "pk": 9, "fields": {"action_time": "2018-05-03T15:41:53.914Z", "user": 1, "content_type": 15, "object_id": "1", "object_repr": "Questionnaire Instrument A from diklat Title Diklat", "action_flag": 2, "change_message": "[{\"added\": {\"name\": \"topic\", \"object\": \"Waktu Penyelenggaraan\"}}, {\"added\": {\"name\": \"question\", \"object\": \"Bagaimana penilaian bapak/ibuk terkait durasi\"}}, {\"added\": {\"name\": \"option\", \"object\": \"Terlalu lama\"}}, {\"added\": {\"name\": \"option\", \"object\": \"Sedang\"}}, {\"added\": {\"name\": \"option\", \"object\": \"Cukup\"}}, {\"added\": {\"name\": \"option\", \"object\": \"Kurang\"}}, {\"added\": {\"name\": \"measure\", \"object\": \"Lamanya waktu diklat\"}}, {\"added\": {\"name\": \"measure\", \"object\": \"Lamanya waktu diskusi\"}}]"}}, {"model": "admin.logentry", "pk": 10, "fields": {"action_time": "2018-05-03T15:46:22.917Z", "user": 1, "content_type": 15, "object_id": "1", "object_repr": "Questionnaire Instrument A from diklat Title Diklat", "action_flag": 3, "change_message": ""}}, {"model": "admin.logentry", "pk": 11, "fields": {"action_time": "2018-05-03T15:48:22.828Z", "user": 1, "content_type": 11, "object_id": "1", "object_repr": "Perlindungan Anak Bagi Pengasuh Lksa/Panti Swasta", "action_flag": 2, "change_message": "[{\"changed\": {\"fields\": [\"title\", \"province\", \"regencies\"]}}]"}}, {"model": "admin.logentry", "pk": 12, "fields": {"action_time": "2018-05-03T15:49:48.380Z", "user": 1, "content_type": 15, "object_id": "1", "object_repr": "Questionnaire Instrument A from diklat Perlindungan Anak Bagi Pengasuh Lksa/Panti Swasta", "action_flag": 1, "change_message": "[{\"added\": {}}, {\"added\": {\"name\": \"topic\", \"object\": \"Manjemen  Penyelenggaraan Diklat\"}}]"}}, {"model": "admin.logentry", "pk": 13, "fields": {"action_time": "2018-05-03T15:50:44.439Z", "user": 1, "content_type": 15, "object_id": "1", "object_repr": "Instrument A Monitoring Dan Evaluasi Manfaat Pendidikan Dan Pelatihan Perlindungan Anak Bagi Pengasuh Lksa/Panti Swasta", "action_flag": 2, "change_message": "[{\"changed\": {\"fields\": [\"title\"]}}]"}}, {"model": "admin.logentry", "pk": 14, "fields": {"action_time": "2018-05-03T15:53:20.870Z", "user": 1, "content_type": 15, "object_id": "1", "object_repr": "Instrument A Monitoring Dan Evaluasi Manfaat Pendidikan Dan Pelatihan Perlindungan Anak Bagi Pengasuh Lksa/Panti Swasta", "action_flag": 2, "change_message": "[{\"added\": {\"name\": \"topic\", \"object\": \"Waktu Penyelenggaraan\"}}, {\"added\": {\"name\": \"question\", \"object\": \"Bagaimana penilaian bapak/ibu terkait durasi (lama waktu) pelaksanaan sesi kegiatan dalam diklat perlindungan anak bagi lksa/panti swasta yang telah bapak/ibu ikuti ?\"}}, {\"added\": {\"name\": \"option\", \"object\": \"Terlalu lama\"}}, {\"added\": {\"name\": \"option\", \"object\": \"Sedang\"}}, {\"added\": {\"name\": \"option\", \"object\": \"Cukup\"}}, {\"added\": {\"name\": \"option\", \"object\": \"Kurang\"}}, {\"added\": {\"name\": \"measure\", \"object\": \"Lamanya waktu diklat\"}}, {\"added\": {\"name\": \"measure\", \"object\": \"Lamanya waktu diskusi\"}}]"}}, {"model": "admin.logentry", "pk": 15, "fields": {"action_time": "2018-05-03T15:55:05.724Z", "user": 1, "content_type": 17, "object_id": "1", "object_repr": "user2 respond for question 'Bagaimana penilaian bapak/ibu terkait durasi (lama waktu) pelaksanaan sesi kegiatan dalam diklat perlindungan anak bagi lksa/panti swasta yang telah bapak/ibu ikuti ?'", "action_flag": 1, "change_message": "[{\"added\": {}}]"}}, {"model": "admin.logentry", "pk": 16, "fields": {"action_time": "2018-05-03T15:55:16.240Z", "user": 1, "content_type": 17, "object_id": "2", "object_repr": "user2 respond for question 'Bagaimana penilaian bapak/ibu terkait durasi (lama waktu) pelaksanaan sesi kegiatan dalam diklat perlindungan anak bagi lksa/panti swasta yang telah bapak/ibu ikuti ?'", "action_flag": 1, "change_message": "[{\"added\": {}}]"}}, {"model": "admin.logentry", "pk": 17, "fields": {"action_time": "2018-05-03T15:56:01.219Z", "user": 1, "content_type": 16, "object_id": "1", "object_repr": "user2 recommendation for question Bagaimana penilaian bapak/ibu terkait durasi (lama waktu) pelaksanaan sesi kegiatan dalam diklat perlindungan anak bagi lksa/panti swasta yang telah bapak/ibu ikuti ?", "action_flag": 1, "change_message": "[{\"added\": {}}]"}}, {"model": "dashboard.dashboardpreferences", "pk": 1, "fields": {"user": 1, "data": "{\"positions\":[\"module_1\",\"module_2\",\"module_3\"],\"columns\":[3],\"disabled\":{},\"collapsed\":{\"module_1\":false,\"module_2\":false}}", "dashboard_id": "dashboard"}}]